order_id,symbol,entry_time,entry_price,exit_time,exit_price,quantity,exit_type,profit_loss,profit_loss_pct,take_profit,stop_loss
2,BTCUSDT,2025-02-20 01:06:00,2726.5,2025-02-20 01:23:00,2721.31,0.36656,STOP_LOSS,-1.90244640000002,-0.19035393361452613,22169.09,2721.59
1,BTCUSDT,2025-02-20 01:01:00,2729.0,2025-02-20 01:24:00,2719.6,0.36656,STOP_LOSS,-3.445664000000033,-0.34444851593990805,23054.04,2721.21
3,BTCUSDT,2025-02-20 01:11:00,2724.5,2025-02-20 01:30:00,2718.3,0.36691,STOP_LOSS,-2.2748419999999334,-0.22756469076894176,21030.32,2718.64
5,BTCUSDT,2025-02-20 01:21:00,2725.2,2025-02-20 01:32:00,2716.85,0.36697,STOP_LOSS,-3.0641994999999667,-0.3063995303096987,20455.82,2717.72
4,BTCUSDT,2025-02-20 01:16:00,2726.19,2025-02-20 01:35:00,2715.57,0.36715,STOP_LOSS,-3.8991329999999595,-0.3895546531973153,20430.57,2716.27
14,BTCUSDT,2025-02-20 02:26:00,2732.38,2025-02-20 02:31:00,2725.38,0.36611,STOP_LOSS,-2.56277,-0.25618691397243426,22329.93,2726.58
20,BTCUSDT,2025-02-20 02:56:00,2746.69,2025-02-20 02:58:00,2743.14,2.028063372197543e-06,STOP_LOSS,-7.199624971301647e-06,-0.12924647484791446,26999.44,2743.6
19,BTCUSDT,2025-02-20 02:51:00,2745.67,2025-02-20 03:08:00,2740.87,4.057633571245838e-05,STOP_LOSS,-0.00019476641141980762,-0.17482071771189478,26240.07,2740.96
22,BTCUSDT,2025-02-20 03:06:00,2744.77,2025-02-20 03:08:00,2740.87,1.0134950724575371e-07,STOP_LOSS,-3.9526307825844865e-07,-0.14208840813620416,22277.86,2741.2
21,BTCUSDT,2025-02-20 03:01:00,2742.21,2025-02-20 03:15:00,2734.43,2.028882448849115e-06,STOP_LOSS,-1.578470545204652e-05,-0.28371277181544086,23636.62,2737.04
38,BTCUSDT,2025-02-20 04:26:00,2754.44,2025-02-20 04:32:00,2749.4,2.3415280840728174e-24,STOP_LOSS,-1.1801301543726915e-23,-0.18297730210133323,23473.87,2749.42
39,BTCUSDT,2025-02-20 04:31:00,2750.25,2025-02-20 04:43:00,2744.13,1.172547698553502e-25,STOP_LOSS,-7.175991915147304e-25,-0.22252522497954336,22633.53,2744.46
36,BTCUSDT,2025-02-20 04:16:00,2747.83,2025-02-20 04:45:00,2743.13,9.388642843106752e-22,STOP_LOSS,-4.412662136260003e-21,-0.1710440602220595,21585.24,2744.02
37,BTCUSDT,2025-02-20 04:21:00,2749.96,2025-02-20 04:45:00,2743.13,4.6906854033466065e-23,STOP_LOSS,-3.2037381304856984e-22,-0.24836724897816428,21206.74,2743.18
40,BTCUSDT,2025-02-20 04:36:00,2748.0,2025-02-20 04:49:00,2741.99,2.2314524909650826e-24,STOP_LOSS,-1.3411029470700633e-23,-0.21870451237264257,21566.18,2742.91
31,BTCUSDT,2025-02-20 03:51:00,2745.63,2025-02-20 04:54:00,2737.9,3.006773027809164e-15,STOP_LOSS,-2.3242355504964894e-14,-0.28153829904247907,21517.15,2738.01
32,BTCUSDT,2025-02-20 03:56:00,2743.41,2025-02-20 04:54:00,2737.9,1.5046030721517531e-16,STOP_LOSS,-8.290362927555804e-16,-0.20084493385967697,20954.82,2738.13
41,BTCUSDT,2025-02-20 04:41:00,2745.0,2025-02-20 04:54:00,2737.9,1.1169456184284287e-25,STOP_LOSS,-7.930313890841743e-25,-0.2586520947176652,20898.7,2738.51
28,BTCUSDT,2025-02-20 03:36:00,2743.32,2025-02-20 05:01:00,2736.76,2.4074438937764925e-11,STOP_LOSS,-1.579283194317366e-10,-0.23912631410116011,22290.26,2736.83
29,BTCUSDT,2025-02-20 03:41:00,2744.14,2025-02-20 05:01:00,2736.76,1.2033622524133103e-12,STOP_LOSS,-8.880813422809814e-12,-0.26893671605674835,21458.71,2737.51
35,BTCUSDT,2025-02-20 04:11:00,2743.59,2025-02-20 05:01:00,2736.76,1.8806304486875964e-20,STOP_LOSS,-1.2844705964536147e-19,-0.24894390196785696,20336.51,2737.38
27,BTCUSDT,2025-02-20 03:31:00,2743.82,2025-02-20 05:14:00,2736.02,4.814010381639407e-10,STOP_LOSS,-3.754928097678825e-09,-0.28427520755735364,21754.67,2736.22
30,BTCUSDT,2025-02-20 03:46:00,2745.62,2025-02-20 05:14:00,2736.02,6.013567957942947e-14,STOP_LOSS,-5.773025239625174e-13,-0.34964780268208673,21219.74,2736.33
42,BTCUSDT,2025-02-20 04:46:00,2743.81,2025-02-20 05:15:00,2735.4,9.363674845865062e-22,STOP_LOSS,-7.874850545372381e-21,-0.3065081036952214,20464.16,2735.86
33,BTCUSDT,2025-02-20 04:01:00,2740.84,2025-02-20 05:46:00,2734.01,7.530069457122347e-18,STOP_LOSS,-5.1430374392145083e-17,-0.24919367785058327,20924.33,2735.28
34,BTCUSDT,2025-02-20 04:06:00,2742.17,2025-02-20 05:46:00,2734.01,3.7632086214310615e-19,STOP_LOSS,-3.0707782350876913e-18,-0.2975745486238947,20462.31,2734.69
43,BTCUSDT,2025-02-20 04:51:00,2742.51,2025-02-20 05:46:00,2734.01,4.896004491837094e-23,STOP_LOSS,-4.1616038180615296e-22,-0.30993505948929995,20476.01,2734.98
46,BTCUSDT,2025-02-20 05:21:00,2740.04,2025-02-20 05:49:00,2733.01,4.807022389540403e-10,STOP_LOSS,-3.379336739846781e-09,-0.25656559758250774,21499.14,2733.61
45,BTCUSDT,2025-02-20 05:01:00,2736.76,2025-02-20 05:52:00,2731.65,1.5003105309872218e-16,STOP_LOSS,-7.666586813344894e-16,-0.18671713997574238,20878.54,2731.92
23,BTCUSDT,2025-02-20 03:11:00,2739.93,2025-02-20 05:54:00,2729.29,3.866213508668984e-05,STOP_LOSS,-0.0004113651173223749,-0.3883310887504379,21020.02,2729.69
26,BTCUSDT,2025-02-20 03:26:00,2740.2,2025-02-20 05:54:00,2729.29,9.640740066673838e-09,STOP_LOSS,-1.0518047412741017e-07,-0.39814612072110994,20761.62,2731.28
44,BTCUSDT,2025-02-20 04:56:00,2739.51,2025-02-20 05:54:00,2729.29,2.9976089510785393e-15,STOP_LOSS,-3.063556348002343e-14,-0.37305941573494,20588.41,2730.81
47,BTCUSDT,2025-02-20 05:41:00,2737.13,2025-02-20 05:54:00,2729.29,2.406066505470383e-11,STOP_LOSS,-1.8863561402888152e-10,-0.2864314080807322,20523.32,2731.27
18,BTCUSDT,2025-02-20 02:46:00,2731.65,2025-02-20 06:12:00,2727.15,0.0008156918175873587,STOP_LOSS,-0.003670613179143114,-0.16473559936302234,21617.12,2727.29
24,BTCUSDT,2025-02-20 03:16:00,2735.82,2025-02-20 07:06:00,2725.5,3.862469889203188e-06,STOP_LOSS,-3.9860689256577534e-05,-0.37721779941663425,20777.12,2725.77
50,BTCUSDT,2025-02-20 07:01:00,2731.84,2025-02-20 07:06:00,2725.5,2.025703119118039e-06,STOP_LOSS,-1.2842957775208663e-05,-0.23207801335364242,20733.52,2725.51
25,BTCUSDT,2025-02-20 03:21:00,2735.6,2025-02-20 07:10:00,2725.0,1.931390256667616e-07,STOP_LOSS,-2.0472736720676556e-06,-0.387483550226638,20272.05,2725.26
17,BTCUSDT,2025-02-20 02:41:00,2731.27,2025-02-20 07:17:00,2723.75,0.016316106086271286,STOP_LOSS,-0.12269711776875977,-0.2753297916353924,21240.34,2724.5
54,BTCUSDT,2025-02-20 07:41:00,2733.67,2025-02-20 08:21:00,2728.12,3.862454491856148e-05,STOP_LOSS,-0.00021436622429802326,-0.20302377390102616,22227.75,2729.51
59,BTCUSDT,2025-02-20 08:06:00,2733.67,2025-02-20 08:21:00,2728.12,1.2070170287050562e-11,STOP_LOSS,-6.698944509313281e-11,-0.20302377390102616,20674.41,2729.31
60,BTCUSDT,2025-02-20 08:11:00,2732.99,2025-02-20 08:21:00,2728.12,6.036586743566846e-13,STOP_LOSS,-2.9398177441169883e-12,-0.1781931145009638,23026.26,2729.43
61,BTCUSDT,2025-02-20 08:16:00,2733.9,2025-02-20 08:21:00,2728.12,3.017288709225058e-14,STOP_LOSS,-1.7439928739321437e-13,-0.2114195837448407,21444.81,2728.53
53,BTCUSDT,2025-02-20 07:36:00,2735.02,2025-02-20 08:41:00,2727.21,0.0007721095985223061,STOP_LOSS,-0.006030175964459169,-0.2855554986800808,22226.51,2728.07
63,BTCUSDT,2025-02-20 08:31:00,2733.65,2025-02-20 08:41:00,2727.21,3.661910147034562e-05,STOP_LOSS,-0.00023582701346902776,-0.23558246300733648,22244.04,2727.51
55,BTCUSDT,2025-02-20 07:46:00,2731.8,2025-02-20 09:39:00,2726.77,1.9325492295835005e-06,STOP_LOSS,-9.720722624805395e-06,-0.1841276813822461,21028.63,2726.94
57,BTCUSDT,2025-02-20 07:56:00,2734.48,2025-02-20 09:39:00,2726.77,4.826637958017805e-09,STOP_LOSS,-3.721337865631745e-08,-0.28195488721804646,20182.03,2727.01
62,BTCUSDT,2025-02-20 08:21:00,2728.12,2025-02-20 09:39:00,2726.77,1.5118406818890637e-15,STOP_LOSS,-2.0409849205500985e-15,-0.049484626775944944,20321.83,2727.15
64,BTCUSDT,2025-02-20 08:56:00,2734.8,2025-02-20 09:39:00,2726.77,0.000767990177836892,STOP_LOSS,-0.0061669611280303965,-0.29362293403540296,21754.48,2727.44
65,BTCUSDT,2025-02-20 09:01:00,2732.69,2025-02-20 09:51:00,2725.81,3.842915841804842e-05,STOP_LOSS,-0.0002643926099161773,-0.2517665743278641,21050.8,2726.37
66,BTCUSDT,2025-02-20 09:11:00,2732.54,2025-02-20 09:51:00,2725.81,1.921563397377837e-06,STOP_LOSS,-1.2932121664352877e-05,-0.2462909966551274,20266.57,2725.89
69,BTCUSDT,2025-02-20 09:36:00,2730.55,2025-02-20 09:58:00,2725.29,2.40370476912657e-10,STOP_LOSS,-1.2643487085606283e-09,-0.19263518338797012,21507.04,2725.7
81,BTCUSDT,2025-02-20 11:01:00,2745.4,2025-02-20 11:10:00,2740.58,3.7330451902934985e-18,STOP_LOSS,-1.7993277817215273e-17,-0.17556640198150228,21642.0,2741.2
77,BTCUSDT,2025-02-20 10:41:00,2741.76,2025-02-20 11:13:00,2739.57,5.98080197562544e-13,STOP_LOSS,-1.309795632662004e-12,-0.07987570028011402,21886.85,2739.57
82,BTCUSDT,2025-02-20 11:06:00,2744.02,2025-02-20 11:13:00,2739.57,1.8674612913593463e-19,STOP_LOSS,-8.310202746548752e-19,-0.16217082965866933,23143.77,2740.07
78,BTCUSDT,2025-02-20 10:46:00,2740.27,2025-02-20 11:15:00,2737.75,2.992026994546307e-14,STOP_LOSS,-7.53990802625664e-14,-0.09196174099632452,21121.67,2739.21
80,BTCUSDT,2025-02-20 10:56:00,2744.31,2025-02-20 11:15:00,2737.75,7.469055803048315e-17,STOP_LOSS,-4.899700606799654e-16,-0.2390400501401061,20610.18,2739.04
79,BTCUSDT,2025-02-20 10:51:00,2739.74,2025-02-20 11:37:00,2737.16,1.4963028996082493e-15,STOP_LOSS,-3.860461480989174e-15,-0.0941695197354467,20597.77,2737.21
90,BTCUSDT,2025-02-20 12:06:00,2743.48,2025-02-20 12:27:00,2739.65,1.8658605789554902e-19,STOP_LOSS,-7.146246017399392e-19,-0.1396037149897184,22367.11,2739.9
91,BTCUSDT,2025-02-20 12:11:00,2743.52,2025-02-20 12:30:00,2738.09,9.32916687531496e-21,STOP_LOSS,-5.06573761329587e-20,-0.19792091911120885,22731.81,2738.86
93,BTCUSDT,2025-02-20 12:21:00,2744.02,2025-02-20 12:30:00,2738.09,2.3318667416567814e-23,STOP_LOSS,-1.3827969778024333e-22,-0.21610629660133077,20965.25,2739.14
97,BTCUSDT,2025-02-20 12:41:00,2745.57,2025-02-20 12:50:00,2740.16,4.643381689301333e-22,STOP_LOSS,-2.5120694939121646e-21,-0.19704469381586734,21040.12,2740.51
75,BTCUSDT,2025-02-20 10:31:00,2741.71,2025-02-20 13:11:00,2736.3,2.392364418511197e-10,STOP_LOSS,-1.2942691504145226e-09,-0.1973221091946214,22442.01,2736.32
87,BTCUSDT,2025-02-20 11:51:00,2741.71,2025-02-20 13:11:00,2736.3,1.4936521167162925e-15,STOP_LOSS,-8.080657951434926e-15,-0.1973221091946214,20986.87,2737.6
89,BTCUSDT,2025-02-20 12:01:00,2742.19,2025-02-20 13:11:00,2736.3,3.733476660007359e-18,STOP_LOSS,-2.199017752744287e-17,-0.2147918269704095,21353.48,2737.47
92,BTCUSDT,2025-02-20 12:16:00,2741.73,2025-02-20 13:11:00,2736.3,4.667628815704707e-22,STOP_LOSS,-2.5345224469275796e-21,-0.19805013622785014,21379.12,2736.77
96,BTCUSDT,2025-02-20 12:36:00,2744.4,2025-02-20 13:11:00,2736.3,9.29072253657997e-21,STOP_LOSS,-7.525485254629691e-20,-0.29514648010493766,20690.38,2738.05
98,BTCUSDT,2025-02-20 12:46:00,2741.71,2025-02-20 13:11:00,2736.3,2.324959507879218e-23,STOP_LOSS,-1.257803093762623e-22,-0.1973221091946214,20855.33,2736.97
94,BTCUSDT,2025-02-20 12:26:00,2741.52,2025-02-20 13:20:00,2735.64,1.1669965888341214e-24,STOP_LOSS,-6.861939942344762e-24,-0.21447955878491162,21093.2,2736.23
83,BTCUSDT,2025-02-20 11:11:00,2741.0,2025-02-20 13:21:00,2734.49,3.555197115613793e-18,STOP_LOSS,-2.3144333222646566e-17,-0.23750456037943155,21680.14,2735.25
85,BTCUSDT,2025-02-20 11:21:00,2740.0,2025-02-20 13:21:00,2734.49,2.9827959483955676e-14,STOP_LOSS,-1.6435205675660228e-13,-0.20109489051095686,20804.75,2734.72
86,BTCUSDT,2025-02-20 11:31:00,2741.7,2025-02-20 13:21:00,2734.49,1.4904732280344077e-15,STOP_LOSS,-1.0746311974128134e-14,-0.26297552613342223,21115.08,2734.95
88,BTCUSDT,2025-02-20 11:56:00,2741.14,2025-02-20 13:21:00,2734.49,7.469813553707999e-17,STOP_LOSS,-4.967426013215887e-16,-0.24259979424619288,21287.81,2734.64
108,BTCUSDT,2025-02-20 14:21:00,2763.55,2025-02-20 14:38:00,2757.71,4.395790992699694e-22,STOP_LOSS,-2.5671419397366853e-21,-0.21132239329848004,24682.84,2758.12
107,BTCUSDT,2025-02-20 14:16:00,2759.2,2025-02-20 14:44:00,2752.0,8.805442300576414e-21,STOP_LOSS,-6.339918456414859e-20,-0.2609452015076768,26733.67,2752.03
109,BTCUSDT,2025-02-20 14:26:00,2765.55,2025-02-20 14:44:00,2752.0,2.1963060146942255e-23,STOP_LOSS,-2.9759946499107153e-22,-0.48995678978865614,25092.8,2757.22
110,BTCUSDT,2025-02-20 14:31:00,2765.14,2025-02-20 14:44:00,2752.0,1.0983158355341185e-24,STOP_LOSS,-1.4431870078918176e-23,-0.4752019789233049,23629.27,2754.44
111,BTCUSDT,2025-02-20 14:36:00,2767.1,2025-02-20 14:44:00,2752.0,5.487689366970517e-26,STOP_LOSS,-8.286410944125431e-25,-0.5456976618120021,22937.39,2757.53
112,BTCUSDT,2025-02-20 14:41:00,2758.39,2025-02-20 14:44:00,2752.0,4.1749994977070744e-22,STOP_LOSS,-2.6678246790347675e-21,-0.23165687230594198,22624.96,2753.75
106,BTCUSDT,2025-02-20 14:11:00,2758.01,2025-02-20 14:48:00,2743.61,1.7618483178632727e-19,STOP_LOSS,-2.5370615777231286e-18,-0.5221155833372645,28535.14,2744.84
105,BTCUSDT,2025-02-20 14:06:00,2755.72,2025-02-20 14:49:00,2741.5,3.526624823385611e-18,STOP_LOSS,-5.014860498854268e-17,-0.516017592498505,24440.56,2742.41
76,BTCUSDT,2025-02-20 10:36:00,2738.79,2025-02-20 14:53:00,2731.57,1.1974575359695941e-11,STOP_LOSS,-8.64564340970023e-11,-0.2636200657954717,22386.22,2733.78
84,BTCUSDT,2025-02-20 11:16:00,2738.92,2025-02-20 14:53:00,2731.57,5.967944225171849e-13,STOP_LOSS,-4.386439005501255e-12,-0.2683539497320078,20590.23,2731.87
99,BTCUSDT,2025-02-20 13:31:00,2741.86,2025-02-20 14:53:00,2731.57,2.268449139384243e-10,STOP_LOSS,-2.334234164426378e-09,-0.3752926845280198,22762.57,2733.9
101,BTCUSDT,2025-02-20 13:46:00,2744.58,2025-02-20 14:53:00,2731.57,5.665502515241041e-13,STOP_LOSS,-7.37081877232846e-12,-0.47402516960699864,22423.08,2732.17
102,BTCUSDT,2025-02-20 13:51:00,2743.29,2025-02-20 14:53:00,2731.57,2.8340833257293775e-14,STOP_LOSS,-3.3215456577547736e-13,-0.4272242453404416,21727.28,2734.78
103,BTCUSDT,2025-02-20 13:56:00,2745.56,2025-02-20 14:53:00,2731.57,1.4158700677894743e-15,STOP_LOSS,-1.9808022248374436e-14,-0.5095499643059989,21390.53,2733.08
104,BTCUSDT,2025-02-20 14:01:00,2749.0,2025-02-20 14:53:00,2731.57,7.070491493852447e-17,STOP_LOSS,-1.23238666737847e-15,-0.6340487449981752,21310.45,2736.3
113,BTCUSDT,2025-02-20 14:46:00,2746.4,2025-02-20 14:53:00,2731.57,8.822632076590922e-21,STOP_LOSS,-1.3083963369584275e-19,-0.5399796096708391,23191.84,2735.09
74,BTCUSDT,2025-02-20 10:26:00,2735.85,2025-02-20 14:54:00,2731.14,4.794977392676009e-09,STOP_LOSS,-2.258434351950418e-08,-0.17215856132463536,21122.28,2731.39
95,BTCUSDT,2025-02-20 12:31:00,2739.77,2025-02-20 14:54:00,2731.14,1.8612846282271913e-19,STOP_LOSS,-1.6062886341600865e-18,-0.3149899444113962,20584.46,2731.43
73,BTCUSDT,2025-02-20 10:21:00,2734.3,2025-02-20 14:57:00,2729.49,9.595391068831237e-08,STOP_LOSS,-4.615383104108209e-07,-0.1759133964817467,21200.46,2730.05
100,BTCUSDT,2025-02-20 13:36:00,2740.79,2025-02-20 14:57:00,2729.49,1.1346673691366526e-11,STOP_LOSS,-1.2821741271244381e-10,-0.41228988722230386,28029.29,2730.96
70,BTCUSDT,2025-02-20 10:06:00,2731.31,2025-02-20 15:01:00,2724.63,0.0007684716212954293,STOP_LOSS,-0.005133390430253342,-0.24457128630583258,20436.12,2724.66
71,BTCUSDT,2025-02-20 10:11:00,2731.56,2025-02-20 15:01:00,2724.63,3.842006443132169e-05,STOP_LOSS,-0.000266251046509053,-0.2537011817422951,20761.2,2726.7
72,BTCUSDT,2025-02-20 10:16:00,2733.49,2025-02-20 15:01:00,2724.63,1.919646883618036e-06,STOP_LOSS,-1.7008071388855172e-05,-0.3241277634086707,21348.95,2726.92
114,BTCUSDT,2025-02-20 14:51:00,2742.65,2025-02-20 15:01:00,2724.63,3.516764706580587e-18,STOP_LOSS,-6.337210001258211e-17,-0.6570287860281108,23458.19,2728.27
49,BTCUSDT,2025-02-20 06:56:00,2729.69,2025-02-20 15:12:00,2722.33,4.0545972685040543e-05,STOP_LOSS,-0.00029841835896190355,-0.26962768666039466,20958.18,2723.29
56,BTCUSDT,2025-02-20 07:51:00,2733.0,2025-02-20 15:12:00,2722.33,9.658503449279552e-08,STOP_LOSS,-1.0305623180381351e-06,-0.39041346505671687,20306.65,2724.35
58,BTCUSDT,2025-02-20 08:01:00,2733.5,2025-02-20 15:12:00,2722.33,2.414184189398315e-10,STOP_LOSS,-2.6966437395579353e-09,-0.40863361990122815,20369.83,2723.54
67,BTCUSDT,2025-02-20 09:16:00,2730.01,2025-02-20 15:12:00,2722.33,9.61672090188467e-08,STOP_LOSS,-7.385641652647707e-07,-0.28131765085110644,20503.12,2723.62
11,BTCUSDT,2025-02-20 02:11:00,2724.95,2025-02-20 15:50:00,2718.02,0.36669,STOP_LOSS,-2.54116169999994,-0.25431659296500253,21234.75,2721.06
12,BTCUSDT,2025-02-20 02:16:00,2726.14,2025-02-20 15:50:00,2718.02,0.36652,STOP_LOSS,-2.97614239999996,-0.29785704329197665,22247.69,2722.06
13,BTCUSDT,2025-02-20 02:21:00,2729.16,2025-02-20 15:50:00,2718.02,0.36653,STOP_LOSS,-4.083144199999953,-0.408184203198049,21979.77,2721.25
15,BTCUSDT,2025-02-20 02:31:00,2725.38,2025-02-20 15:50:00,2718.02,0.3433696971082932,STOP_LOSS,-2.5272009707170815,-0.2700540842011069,21966.67,2721.01
16,BTCUSDT,2025-02-20 02:36:00,2724.49,2025-02-20 15:50:00,2718.02,0.36709,STOP_LOSS,-2.3750722999999265,-0.237475637642267,20709.14,2718.76
48,BTCUSDT,2025-02-20 06:36:00,2727.11,2025-02-20 15:50:00,2718.02,0.0008116866292788213,STOP_LOSS,-0.007378231460144604,-0.3333198880866612,21620.83,2720.46
51,BTCUSDT,2025-02-20 07:06:00,2725.5,2025-02-20 15:50:00,2718.02,1.0152076332657179e-07,STOP_LOSS,-7.593753096827588e-07,-0.2744450559530368,20668.49,2720.18
52,BTCUSDT,2025-02-20 07:31:00,2730.31,2025-02-20 15:50:00,2718.02,0.015468830969014335,STOP_LOSS,-0.19011193260918563,-0.4501320362889183,20766.47,2722.26
68,BTCUSDT,2025-02-20 09:21:00,2728.31,2025-02-20 15:50:00,2718.02,4.811356522784107e-09,STOP_LOSS,-4.950885861944829e-08,-0.3771565547903268,19934.22,2721.46
10,BTCUSDT,2025-02-20 02:06:00,2722.79,2025-02-20 15:57:00,2713.0,0.36741,STOP_LOSS,-3.596943899999987,-0.35955765960650526,21251.7,2714.52
115,BTCUSDT,2025-02-20 14:56:00,2733.49,2025-02-20 15:57:00,2713.0,4.779164235312404e-09,STOP_LOSS,-9.792507518155011e-08,-0.7495911819688305,23582.52,2713.68
6,BTCUSDT,2025-02-20 01:26:00,2720.71,2025-02-20 16:02:00,2710.54,0.36767,STOP_LOSS,-3.739203900000027,-0.37379948616354086,20128.78,2711.72
7,BTCUSDT,2025-02-20 01:31:00,2718.33,2025-02-20 16:02:00,2710.54,0.36787,STOP_LOSS,-2.8657072999999866,-0.2865730062207298,20054.47,2710.55
9,BTCUSDT,2025-02-20 02:01:00,2721.84,2025-02-20 16:02:00,2710.54,0.36762,STOP_LOSS,-4.154106000000067,-0.41516033271611047,21265.41,2711.75
116,BTCUSDT,2025-02-20 15:01:00,2724.63,2025-02-20 16:03:00,2708.99,9.156934691442284e-08,STOP_LOSS,-1.4321445857416033e-06,-0.57402289485179,25477.53,2709.9
121,BTCUSDT,2025-02-20 16:26:00,2724.85,2025-02-20 16:57:00,2713.0,0.36688,STOP_LOSS,-4.347527999999967,-0.4348863240178325,22772.37,2713.53
122,BTCUSDT,2025-02-20 16:31:00,2723.42,2025-02-20 16:57:00,2713.0,0.36678,STOP_LOSS,-3.8218476000000265,-0.38260716305234127,22594.21,2714.17
140,BTCUSDT,2025-02-20 18:16:00,2741.66,2025-02-20 18:35:00,2739.4,8.395991589712345e-17,STOP_LOSS,-1.8974940992747914e-16,-0.08243181138433517,24469.86,2739.47
141,BTCUSDT,2025-02-20 18:21:00,2746.41,2025-02-20 18:35:00,2739.4,4.190735232876881e-18,STOP_LOSS,-2.937705398246595e-17,-0.25524229812736493,23333.38,2741.11
142,BTCUSDT,2025-02-20 18:26:00,2744.96,2025-02-20 18:40:00,2737.17,2.0964744752064477e-19,STOP_LOSS,-1.6331536161858152e-18,-0.283792842154347,22597.16,2737.4
143,BTCUSDT,2025-02-20 18:31:00,2745.01,2025-02-20 18:47:00,2735.39,1.048218144098325e-20,STOP_LOSS,-1.0083858546226249e-19,-0.35045409670639976,21912.93,2735.77
150,BTCUSDT,2025-02-20 19:31:00,2758.21,2025-02-20 19:33:00,2754.5,2.5957958450500577e-24,STOP_LOSS,-9.630402585135808e-24,-0.13450752480775707,25351.93,2756.54
148,BTCUSDT,2025-02-20 19:21:00,2758.28,2025-02-20 19:38:00,2748.9,1.0382919874378954e-21,STOP_LOSS,-9.739178842167573e-21,-0.3400669982742908,25968.77,2750.65
149,BTCUSDT,2025-02-20 19:26:00,2760.93,2025-02-20 19:38:00,2748.9,5.186477062276488e-23,STOP_LOSS,-6.2393319059184825e-22,-0.4357227455965833,25225.93,2749.9
161,BTCUSDT,2025-02-20 20:26:00,2759.6,2025-02-20 20:34:00,2749.6,2.0151618771459922e-33,STOP_LOSS,-2.0151618771459923e-32,-0.36237135816785043,21725.13,2750.79
154,BTCUSDT,2025-02-20 19:51:00,2753.37,2025-02-20 20:57:00,2745.39,2.585243580303485e-24,STOP_LOSS,-2.0630243770821856e-23,-0.2898266487976559,21529.31,2745.44
157,BTCUSDT,2025-02-20 20:06:00,2753.9,2025-02-20 20:57:00,2745.39,3.230932548703756e-28,STOP_LOSS,-2.749523598946967e-27,-0.3090163041504854,21235.01,2745.4
158,BTCUSDT,2025-02-20 20:11:00,2754.5,2025-02-20 20:57:00,2745.39,1.6151143848021957e-29,STOP_LOSS,-1.471369204554821e-28,-0.33073153022327567,21638.89,2745.95
160,BTCUSDT,2025-02-20 20:21:00,2754.1,2025-02-20 20:57:00,2745.39,4.0383724019985237e-32,STOP_LOSS,-3.517422362140729e-31,-0.31625576413347506,21135.41,2745.78
151,BTCUSDT,2025-02-20 19:36:00,2752.65,2025-02-20 21:08:00,2743.72,2.5977153562275047e-24,STOP_LOSS,-2.3197598131112373e-23,-0.32441465496885874,22844.72,2744.61
152,BTCUSDT,2025-02-20 19:41:00,2747.52,2025-02-20 21:10:00,2740.51,1.0362992250029362e-21,STOP_LOSS,-7.264457567270337e-21,-0.25513918006055514,21549.46,2740.72
153,BTCUSDT,2025-02-20 19:46:00,2752.47,2025-02-20 21:10:00,2740.51,5.1721778015384016e-23,STOP_LOSS,-6.185924650639712e-22,-0.43451881401067344,21294.37,2742.82
155,BTCUSDT,2025-02-20 19:56:00,2746.65,2025-02-20 21:10:00,2740.51,1.2957843403237043e-25,STOP_LOSS,-7.95611584958738e-25,-0.22354504578304016,21125.19,2741.08
159,BTCUSDT,2025-02-20 20:16:00,2750.76,2025-02-20 21:10:00,2740.51,8.086551667425833e-31,STOP_LOSS,-8.288715459111478e-30,-0.3726242929226832,21104.09,2742.13
162,BTCUSDT,2025-02-20 20:31:00,2754.89,2025-02-20 21:10:00,2740.51,1.009303586744315e-34,STOP_LOSS,-1.4513785577382902e-33,-0.521980913938475,21136.05,2742.94
164,BTCUSDT,2025-02-20 21:06:00,2748.51,2025-02-20 21:17:00,2740.37,2.453515422953974e-24,STOP_LOSS,-1.9971615542846152e-23,-0.2961604651247522,21326.1,2740.4
163,BTCUSDT,2025-02-20 20:36:00,2749.0,2025-02-20 21:25:00,2738.38,1.919878953918159e-33,STOP_LOSS,-2.038911449061064e-32,-0.3863222990178207,20453.12,2738.76
156,BTCUSDT,2025-02-20 20:01:00,2746.99,2025-02-20 21:27:00,2737.5,6.478119793574259e-27,STOP_LOSS,-6.14773568410183e-26,-0.3454690406590407,20943.67,2738.33
147,BTCUSDT,2025-02-20 19:16:00,2744.87,2025-02-20 21:31:00,2735.67,2.0867290786887494e-20,STOP_LOSS,-1.9197907523936116e-19,-0.33517070025173573,21192.45,2735.77
139,BTCUSDT,2025-02-20 18:11:00,2740.44,2025-02-20 21:37:00,2731.92,1.6799458701413435e-15,STOP_LOSS,-1.4313138813604216e-14,-0.31089897972588276,23674.11,2732.45
137,BTCUSDT,2025-02-20 18:01:00,2732.68,2025-02-20 21:38:00,2730.01,6.738865670872766e-13,STOP_LOSS,-1.7992771341227711e-12,-0.09770628101349657,21651.16,2731.38
138,BTCUSDT,2025-02-20 18:06:00,2737.0,2025-02-20 21:38:00,2730.01,3.3641146221192115e-14,STOP_LOSS,-2.3515161208612554e-13,-0.2553891121665978,24193.89,2731.66
146,BTCUSDT,2025-02-20 18:46:00,2739.8,2025-02-20 21:38:00,2730.01,2.192772383746644e-19,STOP_LOSS,-2.1467241636879566e-18,-0.35732535221548883,21148.77,2731.38
135,BTCUSDT,2025-02-20 17:51:00,2734.23,2025-02-20 21:44:00,2727.49,2.6940181976615833e-10,STOP_LOSS,-1.8157682652239708e-09,-0.24650450035294166,21278.08,2727.61
136,BTCUSDT,2025-02-20 17:56:00,2732.89,2025-02-20 21:44:00,2727.49,1.3476695689530553e-11,STOP_LOSS,-7.277415672346622e-11,-0.19759302423442182,21049.68,2728.92
144,BTCUSDT,2025-02-20 18:36:00,2737.99,2025-02-20 21:44:00,2727.49,8.37867697489365e-17,STOP_LOSS,-8.797610823638333e-16,-0.38349300033966527,21235.47,2729.24
145,BTCUSDT,2025-02-20 18:41:00,2738.8,2025-02-20 21:44:00,2727.49,4.387146032561014e-18,STOP_LOSS,-4.9618621628266823e-17,-0.4129545786475975,20868.71,2727.54
132,BTCUSDT,2025-02-20 17:36:00,2736.03,2025-02-20 21:46:00,2725.82,2.1537966693617272e-06,STOP_LOSS,-2.1990263994183313e-05,-0.37316842286086177,22492.49,2727.23
134,BTCUSDT,2025-02-20 17:46:00,2733.17,2025-02-20 21:53:00,2724.19,5.390126026988606e-09,STOP_LOSS,-4.840333172235778e-08,-0.32855621860330747,21506.07,2724.26
170,BTCUSDT,2025-02-20 22:46:00,2733.01,2025-02-20 22:52:00,2727.78,6.394052810524122e-13,STOP_LOSS,-3.3440896199041275e-12,-0.1913641003874855,20825.69,2728.66
180,BTCUSDT,2025-02-20 23:36:00,2746.29,2025-02-20 23:48:00,2740.16,2.3630144031237776e-23,STOP_LOSS,-1.4485278291149015e-22,-0.2232102217901281,22079.18,2740.27
181,BTCUSDT,2025-02-20 23:41:00,2743.11,2025-02-20 23:58:00,2737.87,1.1828768852059887e-24,STOP_LOSS,-6.198274878479661e-24,-0.1910240566364541,21434.8,2738.3
188,BTCUSDT,2025-02-21 00:16:00,2743.09,2025-02-21 00:22:00,2739.01,1.4720795719019546e-28,STOP_LOSS,-6.006084653359868e-28,-0.14873737281678423,21237.36,2739.65
187,BTCUSDT,2025-02-21 00:11:00,2745.87,2025-02-21 00:25:00,2738.2,2.9411783900101123e-27,STOP_LOSS,-2.2558838251377774e-26,-0.2793285916667604,21096.9,2738.6
182,BTCUSDT,2025-02-20 23:46:00,2741.43,2025-02-21 00:42:00,2736.07,5.918008872335595e-26,STOP_LOSS,-3.1720527555716852e-25,-0.19551839733276694,20560.99,2736.62
183,BTCUSDT,2025-02-20 23:51:00,2740.57,2025-02-21 00:42:00,2736.07,2.244823835871228e-23,STOP_LOSS,-1.0101707261420525e-22,-0.16419941836917137,20230.79,2737.08
186,BTCUSDT,2025-02-21 00:06:00,2742.99,2025-02-21 00:42:00,2736.07,5.888532955480734e-26,STOP_LOSS,-4.074864805192443e-25,-0.25227944688094445,21171.53,2737.32
189,BTCUSDT,2025-02-21 00:21:00,2740.31,2025-02-21 00:42:00,2736.07,7.367864863625907e-30,STOP_LOSS,-3.123974702177224e-29,-0.15472701993569274,20751.39,2736.74
179,BTCUSDT,2025-02-20 23:31:00,2741.2,2025-02-21 00:43:00,2734.5,4.73480433762934e-22,STOP_LOSS,-3.1723189062115717e-21,-0.24441850284546252,22127.54,2735.21
184,BTCUSDT,2025-02-20 23:56:00,2739.51,2025-02-21 00:43:00,2734.5,1.1228462133508587e-24,STOP_LOSS,-5.625459528888047e-24,-0.18287942004227828,20090.54,2735.61
185,BTCUSDT,2025-02-21 00:01:00,2743.68,2025-02-21 00:43:00,2734.5,1.1774104131352108e-24,STOP_LOSS,-1.0808627592581042e-23,-0.33458712386283523,20078.77,2735.27
178,BTCUSDT,2025-02-20 23:26:00,2739.69,2025-02-21 00:44:00,2734.22,9.474827918713109e-21,STOP_LOSS,-5.182730871536312e-20,-0.1996576254977846,22596.34,2734.26
177,BTCUSDT,2025-02-20 23:21:00,2735.69,2025-02-21 01:04:00,2730.65,1.8977363151979252e-19,STOP_LOSS,-9.564591028597474e-19,-0.184231400487627,21311.33,2730.72
175,BTCUSDT,2025-02-20 23:11:00,2733.11,2025-02-21 01:25:00,2726.63,7.598110958027744e-17,STOP_LOSS,-4.923575900801992e-16,-0.23709254292728862,21351.82,2727.63
176,BTCUSDT,2025-02-20 23:16:00,2732.67,2025-02-21 01:25:00,2726.63,3.799667182736159e-18,STOP_LOSS,-2.2949989783726262e-17,-0.22102924978134805,21051.82,2727.51
194,BTCUSDT,2025-02-21 01:51:00,2744.27,2025-02-21 02:33:00,2737.37,4.718336457930986e-22,STOP_LOSS,-3.2556521559724233e-21,-0.2514329858213693,21443.05,2737.59
197,BTCUSDT,2025-02-21 02:06:00,2743.72,2025-02-21 02:33:00,2737.37,5.899102856435027e-26,STOP_LOSS,-3.7459303138361884e-25,-0.23143761025177165,21016.55,2737.76
199,BTCUSDT,2025-02-21 02:16:00,2741.62,2025-02-21 02:33:00,2737.37,1.4759053487771795e-28,STOP_LOSS,-6.2725977323030125e-28,-0.1550178361698558,20761.8,2737.9
200,BTCUSDT,2025-02-21 02:21:00,2743.52,2025-02-21 02:33:00,2737.37,7.374416119281963e-30,STOP_LOSS,-4.5352659133584744e-29,-0.2241645768939206,20874.51,2739.46
195,BTCUSDT,2025-02-21 01:56:00,2745.41,2025-02-21 02:34:00,2736.86,2.3581886114289484e-23,STOP_LOSS,-2.0162512627716866e-22,-0.3114288940449597,21089.54,2736.97
198,BTCUSDT,2025-02-21 02:11:00,2741.42,2025-02-21 02:41:00,2735.04,2.9520260465849702e-27,STOP_LOSS,-1.883392617721243e-26,-0.23272610544900485,21234.38,2736.26
201,BTCUSDT,2025-02-21 02:26:00,2741.17,2025-02-21 02:41:00,2735.04,3.6903690963297582e-31,STOP_LOSS,-2.262196256050182e-30,-0.22362713731728093,21308.24,2736.42
202,BTCUSDT,2025-02-21 02:31:00,2740.01,2025-02-21 02:41:00,2735.04,1.8459657183342823e-32,STOP_LOSS,-9.174449620121854e-32,-0.18138619932044972,20642.2,2735.94
208,BTCUSDT,2025-02-21 03:26:00,2747.99,2025-02-21 03:41:00,2741.47,1.4654172709935653e-28,STOP_LOSS,-9.554520606878019e-28,-0.23726432774500572,23448.77,2741.75
209,BTCUSDT,2025-02-21 03:31:00,2745.9,2025-02-21 03:49:00,2740.95,7.332663255248928e-30,STOP_LOSS,-3.6296683113484197e-29,-0.18026876433957073,22014.93,2741.24
212,BTCUSDT,2025-02-21 03:46:00,2745.39,2025-02-21 03:50:00,2740.49,1.3901678013197519e-28,STOP_LOSS,-6.811822226466911e-28,-0.17848101726895238,20129.14,2740.88
210,BTCUSDT,2025-02-21 03:36:00,2744.18,2025-02-21 03:52:00,2739.95,3.6686296147825727e-31,STOP_LOSS,-1.551830327053035e-30,-0.1541444074368306,20914.51,2740.06
216,BTCUSDT,2025-02-21 04:06:00,2749.46,2025-02-21 04:20:00,2744.97,1.9058298371850988e-32,STOP_LOSS,-8.557175968961544e-32,-0.16330479439599907,22487.05,2745.07
217,BTCUSDT,2025-02-21 04:11:00,2748.69,2025-02-21 04:20:00,2744.97,9.531818619318574e-34,STOP_LOSS,-3.5458365263867524e-33,-0.13533719699203092,22296.51,2746.38
218,BTCUSDT,2025-02-21 04:16:00,2750.01,2025-02-21 04:20:00,2744.97,4.763621681509303e-35,STOP_LOSS,-2.400865327480888e-34,-0.18327206082888492,21188.14,2745.08
225,BTCUSDT,2025-02-21 04:51:00,2753.69,2025-02-21 05:01:00,2748.1,2.968467949078014e-40,STOP_LOSS,-1.659373583534653e-39,-0.20300033772865303,21195.47,2748.51
224,BTCUSDT,2025-02-21 04:46:00,2752.42,2025-02-21 05:07:00,2746.98,5.9396752724487e-39,STOP_LOSS,-3.231183348212125e-38,-0.19764425487389475,21551.89,2747.21
238,BTCUSDT,2025-02-21 06:06:00,2760.5,2025-02-21 06:11:00,2754.49,1.0994324689238782e-50,STOP_LOSS,-6.607589138232748e-50,-0.21771418221337505,21166.99,2755.25
254,BTCUSDT,2025-02-21 07:26:00,2768.99,2025-02-21 07:34:00,2762.49,6.358225162685759e-69,STOP_LOSS,-4.1328463557457434e-68,-0.23474263178993063,22285.04,2764.3
255,BTCUSDT,2025-02-21 07:31:00,2765.59,2025-02-21 07:36:00,2760.01,3.1830209635602565e-70,STOP_LOSS,-1.7761256976666e-69,-0.20176526527793082,21735.72,2760.26
250,BTCUSDT,2025-02-21 07:06:00,2761.29,2025-02-21 07:38:00,2757.99,1.0201528643916544e-63,STOP_LOSS,-3.366504452492645e-63,-0.11950935975577291,24327.44,2758.82
252,BTCUSDT,2025-02-21 07:16:00,2761.55,2025-02-21 07:38:00,2757.99,2.550142042436343e-66,STOP_LOSS,-9.078505671074401e-66,-0.12891311039091813,22503.48,2758.16
251,BTCUSDT,2025-02-21 07:11:00,2761.91,2025-02-21 07:42:00,2756.25,5.09961929048382e-65,STOP_LOSS,-2.886384518413768e-64,-0.20493064582118367,22613.71,2756.92
253,BTCUSDT,2025-02-21 07:21:00,2762.65,2025-02-21 07:42:00,2756.25,1.2745633281975812e-67,STOP_LOSS,-8.157205300464636e-67,-0.23166162923280512,21088.66,2757.04
245,BTCUSDT,2025-02-21 06:41:00,2761.05,2025-02-21 07:50:00,2755.62,3.264772926723985e-57,STOP_LOSS,-1.7727716992112188e-56,-0.19666431248982422,23696.98,2755.65
249,BTCUSDT,2025-02-21 07:01:00,2762.99,2025-02-21 07:51:00,2754.81,2.0390503786955638e-62,STOP_LOSS,-1.6679432097729376e-61,-0.2960560841696798,22082.82,2754.9
256,BTCUSDT,2025-02-21 07:36:00,2760.01,2025-02-21 07:51:00,2754.81,6.061688694213954e-69,STOP_LOSS,-3.1520781209914215e-68,-0.18840511447423278,22659.5,2755.54
234,BTCUSDT,2025-02-21 05:46:00,2754.98,2025-02-21 08:16:00,2750.43,1.7626165448543973e-45,STOP_LOSS,-8.019905279087828e-45,-0.16515546392351965,22888.78,2752.48
239,BTCUSDT,2025-02-21 06:11:00,2754.49,2025-02-21 08:16:00,2750.43,5.509156559770345e-52,STOP_LOSS,-2.23671756326673e-51,-0.14739570664623744,21786.8,2750.89
241,BTCUSDT,2025-02-21 06:21:00,2755.78,2025-02-21 08:16:00,2750.43,5.233626074262083e-52,STOP_LOSS,-2.799989949730405e-51,-0.194137413001051,20775.61,2752.76
244,BTCUSDT,2025-02-21 06:36:00,2759.73,2025-02-21 08:16:00,2750.43,6.532668985249459e-56,STOP_LOSS,-6.075382156282116e-55,-0.3369894881021035,22292.84,2753.71
246,BTCUSDT,2025-02-21 06:46:00,2757.12,2025-02-21 08:16:00,2750.43,1.634713267708927e-58,STOP_LOSS,-1.0936231760972811e-57,-0.24264449860724432,22203.9,2752.57
247,BTCUSDT,2025-02-21 06:51:00,2756.8,2025-02-21 08:16:00,2750.43,8.174515098421433e-60,STOP_LOSS,-5.2071661176947355e-59,-0.2310650029019278,21335.27,2751.39
248,BTCUSDT,2025-02-21 06:56:00,2758.86,2025-02-21 08:16:00,2750.43,4.084205654387726e-61,STOP_LOSS,-3.4429853666489717e-60,-0.30556099258390385,21818.38,2754.32
257,BTCUSDT,2025-02-21 07:41:00,2757.8,2025-02-21 08:16:00,2750.43,9.716353987187578e-64,STOP_LOSS,-7.16095288855758e-63,-0.26724200449635016,21679.41,2750.98
258,BTCUSDT,2025-02-21 08:06:00,2759.79,2025-02-21 08:16:00,2750.43,3.096867343148026e-57,STOP_LOSS,-2.8986678331865916e-56,-0.3391562401487116,22438.23,2751.55
259,BTCUSDT,2025-02-21 08:11:00,2757.2,2025-02-21 08:16:00,2750.43,1.549888206322807e-58,STOP_LOSS,-1.0492743156805375e-57,-0.24553895256056807,21770.4,2751.57
236,BTCUSDT,2025-02-21 05:56:00,2754.49,2025-02-21 08:17:00,2749.71,4.40732524781627e-48,STOP_LOSS,-2.1067014684560648e-47,-0.1735348467411298,21271.49,2749.94
242,BTCUSDT,2025-02-21 06:26:00,2754.86,2025-02-21 08:17:00,2749.71,2.617686935621048e-53,STOP_LOSS,-1.3481087718448637e-52,-0.18694234915749222,20533.07,2750.36
240,BTCUSDT,2025-02-21 06:16:00,2755.68,2025-02-21 08:21:00,2749.68,1.0467631991326958e-50,STOP_LOSS,-6.280579194796175e-50,-0.217732102421181,20851.48,2749.68
263,BTCUSDT,2025-02-21 09:21:00,2816.82,2025-02-21 09:23:00,2809.94,2.0488968474819317e-49,STOP_LOSS,-1.4096410310675914e-48,-0.24424705874000144,30176.36,2810.53
264,BTCUSDT,2025-02-21 09:26:00,2806.54,2025-02-21 09:29:00,2793.81,2.0516301310969787e-49,STOP_LOSS,-2.6117251568864577e-48,-0.45358341587862705,27926.97,2796.22
265,BTCUSDT,2025-02-21 09:31:00,2802.61,2025-02-21 09:41:00,2780.19,2.045654100691317e-49,STOP_LOSS,-4.586356493749948e-48,-0.7999686006972099,23897.66,2781.09
278,BTCUSDT,2025-02-21 10:36:00,2805.09,2025-02-21 10:49:00,2799.5,1.881226671460994e-62,STOP_LOSS,-1.051605709346723e-61,-0.1992805934925491,23927.88,2800.82
279,BTCUSDT,2025-02-21 10:41:00,2806.37,2025-02-21 11:04:00,2797.89,9.40184317080164e-64,STOP_LOSS,-7.972763008839808e-63,-0.30216970677423216,22836.62,2799.01
280,BTCUSDT,2025-02-21 10:46:00,2801.84,2025-02-21 11:04:00,2797.89,4.708522010400779e-65,STOP_LOSS,-1.859866194108436e-64,-0.140978785369624,21654.84,2798.31
282,BTCUSDT,2025-02-21 10:56:00,2799.73,2025-02-21 11:05:00,2794.58,8.936270621957815e-64,STOP_LOSS,-4.602179370308356e-63,-0.18394630910838156,21225.65,2795.03
283,BTCUSDT,2025-02-21 11:01:00,2804.99,2025-02-21 11:05:00,2794.58,4.4597565318261385e-65,STOP_LOSS,-4.6426065496309455e-64,-0.3711243177337479,21599.31,2796.75
281,BTCUSDT,2025-02-21 10:51:00,2803.0,2025-02-21 11:12:00,2792.75,1.785169100850082e-62,STOP_LOSS,-1.829798328371334e-61,-0.36567962896896183,21051.12,2794.2
285,BTCUSDT,2025-02-21 11:26:00,2802.21,2025-02-21 11:53:00,2790.52,1.6993233029997085e-62,STOP_LOSS,-1.9865089412066686e-61,-0.41717073309994807,23222.6,2791.14
286,BTCUSDT,2025-02-21 11:31:00,2795.89,2025-02-21 11:58:00,2788.64,8.515822784334881e-64,STOP_LOSS,-6.173971518642789e-63,-0.2593092002904263,22585.14,2788.64
287,BTCUSDT,2025-02-21 11:36:00,2798.24,2025-02-21 11:58:00,2788.64,4.2543355402849795e-65,STOP_LOSS,-4.084162118673542e-64,-0.3430727886099802,21680.22,2790.3
297,BTCUSDT,2025-02-21 13:01:00,2810.0,2025-02-21 13:02:00,2803.99,3.29623803875875e-74,STOP_LOSS,-1.9810390612940805e-73,-0.21387900355872663,22324.94,2804.67
299,BTCUSDT,2025-02-21 13:11:00,2826.0,2025-02-21 13:12:00,2823.51,1.63545807109515e-75,STOP_LOSS,-4.0722905970265664e-75,-0.08811040339701988,32301.29,2825.48
300,BTCUSDT,2025-02-21 13:16:00,2832.07,2025-02-21 13:21:00,2826.27,1.6305867555702074e-75,STOP_LOSS,-9.4574031823075e-75,-0.2047971978093826,27972.7,2826.28
305,BTCUSDT,2025-02-21 13:41:00,2833.75,2025-02-21 14:04:00,2828.21,1.9363031970729073e-79,STOP_LOSS,-1.0727119711783836e-78,-0.19550066166740057,25352.35,2828.6
306,BTCUSDT,2025-02-21 13:46:00,2839.77,2025-02-21 14:08:00,2825.4,9.660992236528581e-81,STOP_LOSS,-1.3882845843891467e-79,-0.5060268965444347,24570.97,2826.62
307,BTCUSDT,2025-02-21 13:51:00,2836.52,2025-02-21 14:09:00,2823.94,4.8360307566184463e-82,STOP_LOSS,-6.08372669182597e-81,-0.44350119160097323,24395.8,2824.24
308,BTCUSDT,2025-02-21 13:56:00,2838.17,2025-02-21 14:09:00,2823.94,2.4166096396204847e-83,STOP_LOSS,-3.438835517179954e-82,-0.5013794099719191,23258.43,2825.18
309,BTCUSDT,2025-02-21 14:01:00,2835.26,2025-02-21 14:09:00,2823.94,1.2095449766303071e-84,STOP_LOSS,-1.3692049135455274e-83,-0.3992579163815722,23435.07,2825.06
303,BTCUSDT,2025-02-21 13:31:00,2830.99,2025-02-21 14:11:00,2820.5,7.752763781864776e-77,STOP_LOSS,-8.13264920717598e-76,-0.37054175394472544,22560.37,2822.35
304,BTCUSDT,2025-02-21 13:36:00,2835.62,2025-02-21 14:11:00,2820.5,3.8700525350401954e-78,STOP_LOSS,-5.851519432980733e-77,-0.5332167215635344,22685.14,2821.59
301,BTCUSDT,2025-02-21 13:21:00,2826.27,2025-02-21 14:23:00,2815.7,8.169665022888349e-77,STOP_LOSS,-8.635335929193118e-76,-0.37399116149554584,23717.08,2816.77
302,BTCUSDT,2025-02-21 13:26:00,2831.78,2025-02-21 14:23:00,2815.7,1.5501201886319763e-75,STOP_LOSS,-2.492593263320277e-74,-0.5678407220900062,22449.44,2820.01
296,BTCUSDT,2025-02-21 12:56:00,2805.0,2025-02-21 14:30:00,2799.62,6.604227371773317e-73,STOP_LOSS,-3.5530743260141164e-72,-0.19180035650624275,22509.78,2799.66
298,BTCUSDT,2025-02-21 13:06:00,2816.39,2025-02-21 14:30:00,2799.62,3.2820770624202594e-74,STOP_LOSS,-5.504043233678769e-73,-0.5954431026952937,25307.06,2810.79
310,BTCUSDT,2025-02-21 14:06:00,2828.7,2025-02-21 14:30:00,2799.62,1.8391699990918565e-79,STOP_LOSS,-5.348306357359105e-78,-1.028034079259021,22536.25,2814.51
311,BTCUSDT,2025-02-21 14:11:00,2820.5,2025-02-21 14:30:00,2799.62,1.8900591761837584e-80,STOP_LOSS,-3.946443559871708e-79,-0.740294274064886,21981.99,2807.52
295,BTCUSDT,2025-02-21 12:51:00,2803.49,2025-02-21 14:33:00,2795.37,1.3215569007076292e-71,STOP_LOSS,-1.0731042033745805e-70,-0.28963898569282903,21420.0,2796.19
291,BTCUSDT,2025-02-21 12:31:00,2799.37,2025-02-21 14:34:00,2792.1,2.1176030638692677e-66,STOP_LOSS,-1.5394974274329538e-65,-0.25970128993309144,22396.14,2792.75
292,BTCUSDT,2025-02-21 12:36:00,2802.52,2025-02-21 14:34:00,2792.1,1.0576114512837947e-67,STOP_LOSS,-1.1020311322377217e-66,-0.37180822973609723,22671.89,2794.54
288,BTCUSDT,2025-02-21 12:16:00,2798.09,2025-02-21 14:36:00,2787.16,1.6948574174250828e-62,STOP_LOSS,-1.8524791572456648e-61,-0.3906236039584249,22725.76,2789.73
289,BTCUSDT,2025-02-21 12:21:00,2798.9,2025-02-21 14:36:00,2787.16,8.471834633468427e-64,STOP_LOSS,-9.945933859692134e-63,-0.4194504984100981,23308.36,2789.86
293,BTCUSDT,2025-02-21 12:41:00,2800.99,2025-02-21 14:36:00,2787.16,5.290945780691577e-69,STOP_LOSS,-7.317378014696413e-68,-0.49375399412350374,22797.6,2792.01
294,BTCUSDT,2025-02-21 12:46:00,2800.33,2025-02-21 14:36:00,2787.16,2.646096392614323e-70,STOP_LOSS,-3.484908949073083e-69,-0.47030171444080066,21300.63,2791.62
277,BTCUSDT,2025-02-21 10:31:00,2802.06,2025-02-21 14:37:00,2782.28,3.766521861664995e-61,STOP_LOSS,-7.450180242373264e-60,-0.705909223928101,22046.11,2783.19
284,BTCUSDT,2025-02-21 11:06:00,2796.24,2025-02-21 14:37:00,2782.28,1.831480618237347e-63,STOP_LOSS,-2.55674694305926e-62,-0.49924183904098296,21757.11,2786.16
290,BTCUSDT,2025-02-21 12:26:00,2796.98,2025-02-21 14:37:00,2782.28,4.23882508198393e-65,STOP_LOSS,-6.231072870516299e-64,-0.525566861400504,21830.41,2785.86
276,BTCUSDT,2025-02-21 10:26:00,2798.97,2025-02-21 14:40:00,2778.62,7.541360034367642e-60,STOP_LOSS,-1.5346667669938083e-58,-0.727053165986056,22760.41,2780.51
315,BTCUSDT,2025-02-21 15:11:00,2826.88,2025-02-21 15:21:00,2803.37,9.265726649794914e-64,STOP_LOSS,-2.1783723353668044e-62,-0.8316589314014114,26223.82,2803.47
316,BTCUSDT,2025-02-21 15:16:00,2828.19,2025-02-21 15:22:00,2795.68,4.630717411449066e-65,STOP_LOSS,-1.5054462304621015e-63,-1.1494984424667443,26078.72,2802.69
317,BTCUSDT,2025-02-21 15:21:00,2803.37,2025-02-21 15:22:00,2795.68,2.3358580344168249e-66,STOP_LOSS,-1.796274828466551e-65,-0.2743127022119825,25703.59,2800.15
314,BTCUSDT,2025-02-21 15:06:00,2819.5,2025-02-21 15:23:00,2793.54,1.8579959107481633e-62,STOP_LOSS,-4.823357384302239e-61,-0.9207306259975185,26795.15,2794.76
273,BTCUSDT,2025-02-21 10:11:00,2795.72,2025-02-21 15:25:00,2770.3,6.040101439455738e-56,STOP_LOSS,-1.5353937859096254e-54,-0.9092469918303557,24719.98,2777.26
274,BTCUSDT,2025-02-21 10:16:00,2801.1,2025-02-21 15:25:00,2770.3,3.0142501867686257e-57,STOP_LOSS,-9.283890575247284e-56,-1.0995680268465864,24558.04,2776.89
275,BTCUSDT,2025-02-21 10:21:00,2798.61,2025-02-21 15:25:00,2770.3,1.5084660238757066e-58,STOP_LOSS,-4.2704673135921175e-57,-1.0115736026098652,23826.0,2774.61
312,BTCUSDT,2025-02-21 14:56:00,2800.36,2025-02-21 15:25:00,2770.3,7.482780028788352e-60,STOP_LOSS,-2.2493236766537744e-58,-1.073433415703693,25224.34,2774.7
313,BTCUSDT,2025-02-21 15:01:00,2808.43,2025-02-21 15:25:00,2770.3,3.730639161634397e-61,STOP_LOSS,-1.4224927123311826e-59,-1.3576980733007287,24128.8,2780.12
226,BTCUSDT,2025-02-21 04:56:00,2749.38,2025-02-21 15:33:00,2745.64,1.486560698538694e-41,STOP_LOSS,-5.559737012535067e-41,-0.1360306687325956,20756.32,2746.24
233,BTCUSDT,2025-02-21 05:41:00,2754.33,2025-02-21 15:33:00,2745.64,3.5260650167140205e-44,STOP_LOSS,-3.064150499524503e-43,-0.3155032258298771,21268.79,2748.98
235,BTCUSDT,2025-02-21 05:51:00,2753.94,2025-02-21 15:33:00,2745.64,8.81641090354724e-47,STOP_LOSS,-7.31762104994437e-46,-0.301386377335751,22018.89,2747.68
237,BTCUSDT,2025-02-21 06:01:00,2753.8,2025-02-21 15:33:00,2745.64,2.2042147799145645e-49,STOP_LOSS,-1.7986392604103528e-48,-0.29631781538239194,20625.74,2749.45
243,BTCUSDT,2025-02-21 06:31:00,2753.27,2025-02-21 15:33:00,2745.64,1.3095993185312377e-54,STOP_LOSS,-9.992242800393487e-54,-0.27712501861423355,21119.72,2747.46
260,BTCUSDT,2025-02-21 08:41:00,2753.38,2025-02-21 15:33:00,2745.64,1.6768840095952043e-45,STOP_LOSS,-1.2979082234267277e-44,-0.2811090368928457,20702.21,2746.51
261,BTCUSDT,2025-02-21 09:11:00,2755.49,2025-02-21 15:33:00,2745.64,8.377999728431686e-47,STOP_LOSS,-8.252329732505135e-46,-0.3574681817027066,21075.86,2747.7
262,BTCUSDT,2025-02-21 09:16:00,2783.72,2025-02-21 15:33:00,2745.64,4.146518771948369e-48,STOP_LOSS,-1.5789943483579359e-46,-1.3679536735016427,22502.52,2759.15
266,BTCUSDT,2025-02-21 09:36:00,2785.2,2025-02-21 15:33:00,2745.64,1.029220637501527e-50,STOP_LOSS,-4.071596841956035e-49,-1.4203647852936934,24405.98,2767.48
267,BTCUSDT,2025-02-21 09:41:00,2780.19,2025-02-21 15:33:00,2745.64,5.155376646145139e-52,STOP_LOSS,-1.781182631243155e-50,-1.2427208212388428,24155.1,2759.74
268,BTCUSDT,2025-02-21 09:46:00,2776.8,2025-02-21 15:33:00,2745.64,1.946002004761177e-49,STOP_LOSS,-6.063742246835887e-48,-1.122154998559504,23962.81,2747.12
269,BTCUSDT,2025-02-21 09:51:00,2780.72,2025-02-21 15:33:00,2745.64,9.71629356213646e-51,STOP_LOSS,-3.4084757815974633e-49,-1.2615437728358099,26730.17,2755.8
270,BTCUSDT,2025-02-21 09:56:00,2781.72,2025-02-21 15:33:00,2745.64,4.856400326794946e-52,STOP_LOSS,-1.752189237907613e-50,-1.2970392419078818,23809.77,2756.98
271,BTCUSDT,2025-02-21 10:01:00,2787.96,2025-02-21 15:33:00,2745.64,2.4227653763059885e-53,STOP_LOSS,-1.0253143072526984e-51,-1.5179557812881161,23925.12,2760.97
272,BTCUSDT,2025-02-21 10:06:00,2789.08,2025-02-21 15:33:00,2745.64,1.2108962379218376e-54,STOP_LOSS,-5.260133257532469e-53,-1.5575028324752267,24059.69,2764.26
319,BTCUSDT,2025-02-21 15:31:00,2768.35,2025-02-21 15:33:00,2745.64,3.021891464585766e-57,STOP_LOSS,-6.862715516074286e-56,-0.8203442483789996,25505.7,2746.96
215,BTCUSDT,2025-02-21 04:01:00,2745.8,2025-02-21 15:35:00,2738.52,3.816740406545955e-31,STOP_LOSS,-2.778587015965532e-30,-0.26513220190837644,21989.93,2740.5
219,BTCUSDT,2025-02-21 04:21:00,2747.0,2025-02-21 15:35:00,2738.52,1.904446277497565e-32,STOP_LOSS,-1.6149704433179386e-31,-0.3087004004368408,21961.95,2739.4
220,BTCUSDT,2025-02-21 04:26:00,2747.07,2025-02-21 15:35:00,2738.52,9.521988744891477e-34,STOP_LOSS,-8.141300376882386e-33,-0.31124070373161883,21092.8,2742.75
221,BTCUSDT,2025-02-21 04:31:00,2745.47,2025-02-21 15:35:00,2738.52,4.763768976064046e-35,STOP_LOSS,-3.310819438364425e-34,-0.2531442703799283,20300.93,2740.49
222,BTCUSDT,2025-02-21 04:36:00,2746.09,2025-02-21 15:35:00,2738.52,2.3813467167344445e-36,STOP_LOSS,-1.8026794645680133e-35,-0.27566467231591696,20174.72,2739.32
223,BTCUSDT,2025-02-21 04:41:00,2749.59,2025-02-21 15:35:00,2738.52,1.189157729944699e-37,STOP_LOSS,-1.3163976070488013e-36,-0.4026054793623836,20994.78,2745.44
227,BTCUSDT,2025-02-21 05:01:00,2748.1,2025-02-21 15:35:00,2738.52,7.436265516808562e-43,STOP_LOSS,-7.123942365102549e-42,-0.34860449037516567,20537.73,2743.27
228,BTCUSDT,2025-02-21 05:06:00,2747.9,2025-02-21 15:35:00,2738.52,2.820621642847833e-40,STOP_LOSS,-2.6457431009912982e-39,-0.34135157756832885,20210.48,2742.68
229,BTCUSDT,2025-02-21 05:11:00,2749.4,2025-02-21 15:35:00,2738.52,5.6518202705963045e-39,STOP_LOSS,-6.149180454408841e-38,-0.39572270313523344,20125.75,2741.89
230,BTCUSDT,2025-02-21 05:16:00,2749.77,2025-02-21 15:35:00,2738.52,2.8255298901321746e-40,STOP_LOSS,-3.1787211263986966e-39,-0.4091251268287893,20365.35,2744.57
231,BTCUSDT,2025-02-21 05:31:00,2750.0,2025-02-21 15:35:00,2738.52,1.4126467865434078e-41,STOP_LOSS,-1.6217185109518348e-40,-0.41745454545454613,20337.69,2744.68
232,BTCUSDT,2025-02-21 05:36:00,2750.0,2025-02-21 15:35:00,2738.52,7.063233932717039e-43,STOP_LOSS,-8.108592554759174e-42,-0.41745454545454613,20776.2,2743.42
318,BTCUSDT,2025-02-21 15:26:00,2776.67,2025-02-21 15:35:00,2738.52,6.025673368449268e-56,STOP_LOSS,-2.2987943900634013e-54,-1.3739479304346607,21875.68,2742.6
191,BTCUSDT,2025-02-21 01:36:00,2738.69,2025-02-21 15:37:00,2730.2,3.782359943303186e-18,STOP_LOSS,-3.211223591864494e-17,-0.3100022273422781,21108.15,2730.92
193,BTCUSDT,2025-02-21 01:46:00,2740.1,2025-02-21 15:37:00,2730.2,9.451034043579628e-21,STOP_LOSS,-9.356523703143917e-20,-0.361300682456848,21229.23,2733.26
196,BTCUSDT,2025-02-21 02:01:00,2740.89,2025-02-21 15:37:00,2730.2,1.1810387494031416e-24,STOP_LOSS,-1.2625304231119648e-23,-0.39001930030026943,20620.28,2734.07
203,BTCUSDT,2025-02-21 02:36:00,2738.43,2025-02-21 15:37:00,2730.2,4.70514571368274e-22,STOP_LOSS,-3.872334922360904e-21,-0.30053716910784717,20406.98,2731.94
204,BTCUSDT,2025-02-21 03:06:00,2740.99,2025-02-21 15:37:00,2730.2,2.3506554968927836e-23,STOP_LOSS,-2.536357281147305e-22,-0.3936533880094405,21454.65,2732.11
205,BTCUSDT,2025-02-21 03:11:00,2741.83,2025-02-21 15:37:00,2730.2,1.1749676694813586e-24,STOP_LOSS,-1.366487399606833e-23,-0.424169259217388,21166.45,2734.24
206,BTCUSDT,2025-02-21 03:16:00,2741.14,2025-02-21 15:37:00,2730.2,5.876317162228263e-26,STOP_LOSS,-6.428690975477752e-25,-0.39910402241403414,21241.02,2733.34
207,BTCUSDT,2025-02-21 03:21:00,2744.32,2025-02-21 15:37:00,2730.2,2.9347539693021252e-27,STOP_LOSS,-4.143872604654702e-26,-0.514517257462699,21348.61,2737.06
211,BTCUSDT,2025-02-21 03:41:00,2741.47,2025-02-21 15:37:00,2730.2,1.836128065653472e-32,STOP_LOSS,-2.0693163299914593e-31,-0.41109331854807757,20168.5,2737.61
213,BTCUSDT,2025-02-21 03:51:00,2741.22,2025-02-21 15:37:00,2730.2,1.459575280630558e-28,STOP_LOSS,-1.6084519592548723e-27,-0.40201078351974606,20658.89,2735.48
214,BTCUSDT,2025-02-21 03:56:00,2742.26,2025-02-21 15:37:00,2730.2,7.643334919587415e-30,STOP_LOSS,-9.217861913022729e-29,-0.43978324447719763,21306.74,2736.23
192,BTCUSDT,2025-02-21 01:41:00,2739.4,2025-02-21 15:39:00,2728.35,1.8906898140331852e-19,STOP_LOSS,-2.089212244506704e-18,-0.40337300138717175,21147.86,2728.44
129,BTCUSDT,2025-02-20 17:21:00,2727.79,2025-02-21 15:40:00,2717.51,0.017282422184328714,STOP_LOSS,-0.17766330005489478,-0.37686185520145415,22989.25,2720.71
130,BTCUSDT,2025-02-20 17:26:00,2728.95,2025-02-21 15:40:00,2717.51,0.0008637537956025231,STOP_LOSS,-0.009881343421692518,-0.41920885322192053,22024.06,2720.04
131,BTCUSDT,2025-02-20 17:31:00,2728.07,2025-02-21 15:40:00,2717.51,4.320162093548752e-05,STOP_LOSS,-0.00045620911707874585,-0.3870868416132997,21079.26,2719.6
133,BTCUSDT,2025-02-20 17:41:00,2731.88,2025-02-21 15:40:00,2717.51,1.0785342513715401e-07,STOP_LOSS,-1.5498537192208913e-06,-0.5260113914227524,21828.03,2723.01
165,BTCUSDT,2025-02-20 22:16:00,2729.61,2025-02-21 15:40:00,2717.51,2.0486455160044665e-06,STOP_LOSS,-2.478861074365386e-05,-0.4432867699048548,21177.3,2717.82
166,BTCUSDT,2025-02-20 22:21:00,2728.64,2025-02-21 15:40:00,2717.51,1.0246868929101978e-07,STOP_LOSS,-1.1404765118090147e-06,-0.40789550838511696,20959.64,2717.63
167,BTCUSDT,2025-02-20 22:31:00,2729.46,2025-02-21 15:40:00,2717.51,5.1218952530362814e-09,STOP_LOSS,-6.120664827378263e-08,-0.437815538604699,20483.12,2721.54
168,BTCUSDT,2025-02-20 22:36:00,2734.85,2025-02-21 15:40:00,2717.51,2.5559003633384714e-10,STOP_LOSS,-4.43193123002883e-09,-0.6340384298955953,20822.4,2725.36
169,BTCUSDT,2025-02-20 22:41:00,2733.97,2025-02-21 15:40:00,2717.51,1.2783615234761572e-11,STOP_LOSS,-2.1041830676417013e-10,-0.6020548872152797,21024.58,2726.07
171,BTCUSDT,2025-02-20 22:51:00,2729.44,2025-02-21 15:40:00,2717.51,3.2012079898606545e-14,STOP_LOSS,-3.8190411319037085e-13,-0.4370859956621079,20250.72,2724.34
172,BTCUSDT,2025-02-20 22:56:00,2729.1,2025-02-21 15:40:00,2717.51,6.087420187019949e-13,STOP_LOSS,-7.0553199967559324e-12,-0.4246821296397967,19911.66,2723.09
173,BTCUSDT,2025-02-20 23:01:00,2730.22,2025-02-21 15:40:00,2717.51,3.042461492553e-14,STOP_LOSS,-3.8669685570347354e-13,-0.4655302503094836,20471.41,2723.75
174,BTCUSDT,2025-02-20 23:06:00,2733.01,2025-02-21 15:40:00,2717.51,1.519677794116756e-15,STOP_LOSS,-2.3555005808809717e-14,-0.5671402592745727,21672.74,2725.03
190,BTCUSDT,2025-02-21 01:31:00,2732.9,2025-02-21 15:40:00,2717.51,7.580746718229712e-17,STOP_LOSS,-1.166676919935543e-15,-0.56313805847268,20873.06,2722.28
118,BTCUSDT,2025-02-20 16:11:00,2729.23,2025-02-21 15:42:00,2709.8,0.36691,STOP_LOSS,-7.1290612999999405,-0.711922410350166,25894.03,2711.14
120,BTCUSDT,2025-02-20 16:21:00,2725.22,2025-02-21 15:42:00,2709.8,0.36702,STOP_LOSS,-5.65944839999986,-0.5658258782777031,23604.78,2710.26
124,BTCUSDT,2025-02-20 16:41:00,2725.67,2025-02-21 15:42:00,2709.8,0.36708,STOP_LOSS,-5.82555959999996,-0.58224216431189,23690.88,2711.67
125,BTCUSDT,2025-02-20 16:46:00,2720.05,2025-02-21 15:42:00,2709.8,0.33334593611133206,STOP_LOSS,-3.4167958451411535,-0.3768313082480101,25285.12,2711.23
126,BTCUSDT,2025-02-20 16:51:00,2718.7,2025-02-21 15:42:00,2709.8,0.016675573132740516,STOP_LOSS,-0.14841260088138453,-0.3273623422959369,23830.93,2710.34
127,BTCUSDT,2025-02-20 17:11:00,2724.42,2025-02-21 15:42:00,2709.8,0.36717,STOP_LOSS,-5.36802539999996,-0.5366279795332545,22528.05,2712.21
128,BTCUSDT,2025-02-20 17:16:00,2726.38,2025-02-21 15:42:00,2709.8,0.34582720244566006,STOP_LOSS,-5.733815016549019,-0.6081323953374044,22563.84,2714.98
8,BTCUSDT,2025-02-20 01:36:00,2715.57,2025-02-21 15:43:00,2693.68,0.36824,STOP_LOSS,-8.06077360000012,-0.8060922752866,19761.92,2708.07
117,BTCUSDT,2025-02-20 16:01:00,2712.01,2025-02-21 15:43:00,2693.68,0.36844,STOP_LOSS,-6.7535052000001405,-0.6758824635602516,22861.79,2698.14
119,BTCUSDT,2025-02-20 16:16:00,2720.61,2025-02-21 15:43:00,2693.68,0.36742,STOP_LOSS,-9.894620600000108,-0.9898515406471449,25944.66,2708.38
321,BTCUSDT,2025-02-21 16:21:00,2768.79,2025-02-21 16:46:00,2732.89,0.36212,STOP_LOSS,-13.000108000000033,-1.2965952636350209,27574.81,2733.85
320,BTCUSDT,2025-02-21 16:16:00,2752.28,2025-02-21 17:08:00,2726.32,0.36292,STOP_LOSS,-9.421403200000015,-0.9432179865420682,32523.8,2727.85
322,BTCUSDT,2025-02-21 16:26:00,2747.63,2025-02-21 17:08:00,2726.32,0.36303,STOP_LOSS,-7.736169299999981,-0.7755774976980141,24482.78,2727.01
324,BTCUSDT,2025-02-21 16:36:00,2742.8,2025-02-21 17:10:00,2717.27,0.36362,STOP_LOSS,-9.283218600000072,-0.9308006416800423,28112.81,2722.57
325,BTCUSDT,2025-02-21 16:41:00,2749.05,2025-02-21 17:10:00,2717.27,0.3639,STOP_LOSS,-11.564742000000074,-1.156035721431047,25818.45,2720.46
323,BTCUSDT,2025-02-21 16:31:00,2746.2,2025-02-21 17:15:00,2710.45,0.36507,STOP_LOSS,-13.0512525,-1.301798849319059,23973.47,2711.81
326,BTCUSDT,2025-02-21 16:46:00,2732.89,2025-02-21 17:15:00,2710.45,0.36525,STOP_LOSS,-8.19621000000002,-0.8211087895963634,24805.02,2710.47
329,BTCUSDT,2025-02-21 17:06:00,2736.35,2025-02-21 17:15:00,2710.45,0.30514660796649895,STOP_LOSS,-7.903297146332351,-0.9465163447658411,25800.5,2711.74
123,BTCUSDT,2025-02-20 16:36:00,2718.17,2025-02-21 17:20:00,2705.99,0.36778,STOP_LOSS,-4.479560400000107,-0.44809559372667235,21651.31,2706.41
328,BTCUSDT,2025-02-21 16:56:00,2735.11,2025-02-21 17:27:00,2703.89,0.36595,STOP_LOSS,-11.424959000000094,-1.141453177385928,26730.13,2705.27
327,BTCUSDT,2025-02-21 16:51:00,2728.0,2025-02-21 17:31:00,2695.59,0.36656,STOP_LOSS,-11.880209599999947,-1.1880498533724286,26698.49,2700.73
330,BTCUSDT,2025-02-21 17:11:00,2716.99,2025-02-21 18:11:00,2672.3,0.36801,STOP_LOSS,-16.446366899999852,-1.6448349092193788,24272.1,2690.1
337,BTCUSDT,2025-02-21 18:41:00,2683.7,2025-02-21 19:15:00,2670.7,0.37199,STOP_LOSS,-4.83587,-0.4844058575846779,26280.35,2673.04
338,BTCUSDT,2025-02-21 18:46:00,2684.5,2025-02-21 19:16:00,2669.08,0.37235,STOP_LOSS,-5.741637000000027,-0.5744086422052551,24883.02,2669.59
334,BTCUSDT,2025-02-21 18:26:00,2685.51,2025-02-21 19:17:00,2661.11,0.37157,STOP_LOSS,-9.066308000000035,-0.9085797483532024,27796.9,2664.33
339,BTCUSDT,2025-02-21 18:51:00,2682.6,2025-02-21 19:17:00,2661.11,0.37296,STOP_LOSS,-8.014910399999918,-0.8010884962349878,24017.1,2664.16
340,BTCUSDT,2025-02-21 18:56:00,2681.1,2025-02-21 19:17:00,2661.11,0.271538981017163,STOP_LOSS,-5.428064230533029,-0.7455894968483004,24989.08,2668.78
342,BTCUSDT,2025-02-21 19:06:00,2683.96,2025-02-21 19:17:00,2661.11,0.0006781240797227929,STOP_LOSS,-0.015495135221665757,-0.8513539695077389,26094.35,2666.15
341,BTCUSDT,2025-02-21 19:01:00,2681.68,2025-02-21 19:18:00,2660.33,0.013574012596676585,STOP_LOSS,-0.28980516893904384,-0.7961427165060675,21039.46,2660.54
336,BTCUSDT,2025-02-21 18:36:00,2684.99,2025-02-21 19:19:00,2655.72,0.37321,STOP_LOSS,-10.923856699999993,-1.090134413908431,26232.15,2659.62
333,BTCUSDT,2025-02-21 18:21:00,2682.46,2025-02-21 19:20:00,2654.09,0.37292,STOP_LOSS,-10.579740399999958,-1.057611297092963,28079.48,2655.24
335,BTCUSDT,2025-02-21 18:31:00,2672.06,2025-02-21 19:20:00,2654.09,0.37337,STOP_LOSS,-6.709458899999925,-0.6725148387386436,24895.35,2654.67
343,BTCUSDT,2025-02-21 19:16:00,2669.08,2025-02-21 19:20:00,2654.09,0.35363908584427983,STOP_LOSS,-5.301049896805678,-0.5616167368531397,27369.1,2654.72
332,BTCUSDT,2025-02-21 18:16:00,2679.93,2025-02-21 19:24:00,2649.4,0.37321,STOP_LOSS,-11.394101299999905,-1.1392088599328993,26885.8,2652.6
331,BTCUSDT,2025-02-21 18:11:00,2672.3,2025-02-21 20:21:00,2643.03,0.37424,STOP_LOSS,-10.954004799999995,-1.0953111551846715,28419.66,2645.3
349,BTCUSDT,2025-02-21 20:31:00,2651.58,2025-02-21 20:42:00,2637.6,0.37622,STOP_LOSS,-5.259555600000007,-0.5272328196773252,24738.95,2637.82
346,BTCUSDT,2025-02-21 20:16:00,2654.99,2025-02-21 20:53:00,2631.98,0.37639,STOP_LOSS,-8.660733899999912,-0.8666699309601831,25664.68,2632.73
350,BTCUSDT,2025-02-21 20:36:00,2651.41,2025-02-21 20:56:00,2629.11,0.37699,STOP_LOSS,-8.406876999999897,-0.8410619255414941,24469.87,2630.7
344,BTCUSDT,2025-02-21 20:06:00,2653.53,2025-02-21 21:28:00,2621.62,0.37757,STOP_LOSS,-12.048258700000117,-1.2025490572935036,26993.11,2622.01
345,BTCUSDT,2025-02-21 20:11:00,2656.29,2025-02-21 21:28:00,2621.62,0.37711,STOP_LOSS,-13.074403700000028,-1.3052038745769503,26040.21,2625.18
347,BTCUSDT,2025-02-21 20:21:00,2643.03,2025-02-21 21:28:00,2621.62,0.37746,STOP_LOSS,-8.081418600000116,-0.810055126124195,23673.48,2626.11
351,BTCUSDT,2025-02-21 20:41:00,2641.21,2025-02-21 21:28:00,2621.62,0.37821,STOP_LOSS,-7.409133900000055,-0.741705506188457,23644.61,2625.15
352,BTCUSDT,2025-02-21 20:46:00,2647.72,2025-02-21 21:28:00,2621.62,0.37808,STOP_LOSS,-9.867887999999967,-0.9857537806112395,24105.08,2626.32
353,BTCUSDT,2025-02-21 21:06:00,2644.5,2025-02-21 21:28:00,2621.62,0.37848,STOP_LOSS,-8.65962240000004,-0.865191907733035,26240.23,2621.66
361,BTCUSDT,2025-02-21 22:26:00,2657.75,2025-02-21 22:34:00,2640.38,0.37674,STOP_LOSS,-6.543973799999959,-0.6535603423948788,25357.94,2642.03
362,BTCUSDT,2025-02-21 22:31:00,2649.51,2025-02-21 22:34:00,2640.38,0.20959092025136364,STOP_LOSS,-1.9135651018949729,-0.3445920189016123,25133.84,2642.67
367,BTCUSDT,2025-02-21 22:56:00,2649.25,2025-02-21 23:09:00,2635.45,2.5843559380173224e-05,STOP_LOSS,-0.0003566411194463952,-0.5209021421157001,22425.0,2635.78
375,BTCUSDT,2025-02-21 23:46:00,2661.01,2025-02-22 00:01:00,2654.89,3.809356178685087e-13,STOP_LOSS,-2.3313259813554048e-12,-0.22998786175175384,23388.82,2656.85
391,BTCUSDT,2025-02-22 01:06:00,2686.46,2025-02-22 02:22:00,2675.8,8.731407465878392e-29,STOP_LOSS,-9.307680358626239e-28,-0.39680471698815,26198.99,2677.02
392,BTCUSDT,2025-02-22 01:11:00,2685.42,2025-02-22 02:22:00,2675.8,4.367394467305607e-30,STOP_LOSS,-4.201433477547946e-29,-0.35823074230473784,25944.53,2676.68
393,BTCUSDT,2025-02-22 01:16:00,2683.33,2025-02-22 02:22:00,2675.8,2.1853980782072713e-31,STOP_LOSS,-1.6456047528900198e-30,-0.280621466610508,25237.15,2676.84
395,BTCUSDT,2025-02-22 01:26:00,2683.91,2025-02-22 02:22:00,2675.8,5.462314519857137e-34,STOP_LOSS,-4.429937075603959e-33,-0.30217108621375804,24398.95,2677.11
399,BTCUSDT,2025-02-22 01:46:00,2684.0,2025-02-22 02:22:00,2675.8,3.413832098311711e-39,STOP_LOSS,-2.799342320615541e-38,-0.30551415797316755,23792.55,2677.57
389,BTCUSDT,2025-02-22 00:56:00,2681.97,2025-02-22 02:23:00,2673.86,3.49841003453187e-26,STOP_LOSS,-2.837210538005232e-25,-0.3023896613310243,25897.55,2674.58
394,BTCUSDT,2025-02-22 01:21:00,2681.51,2025-02-22 02:23:00,2673.86,1.0934406780500365e-32,STOP_LOSS,-8.364821187082879e-32,-0.2852870211187014,24318.9,2674.0
397,BTCUSDT,2025-02-22 01:36:00,2683.9,2025-02-22 02:23:00,2673.86,1.365583718002699e-36,STOP_LOSS,-1.3710460528747048e-35,-0.37408249189612,25154.79,2674.96
398,BTCUSDT,2025-02-22 01:41:00,2681.6,2025-02-22 02:23:00,2673.86,6.833774874603682e-38,STOP_LOSS,-5.2893417529431e-37,-0.2886336515513045,23819.79,2674.14
400,BTCUSDT,2025-02-22 01:51:00,2683.0,2025-02-22 02:23:00,2673.86,1.7075522459688106e-40,STOP_LOSS,-1.560702752815471e-39,-0.3406634364517284,22943.0,2674.34
390,BTCUSDT,2025-02-22 01:01:00,2680.72,2025-02-22 02:25:00,2670.64,1.750020658687493e-27,STOP_LOSS,-1.76402082395698e-26,-0.37601838312094993,24140.22,2670.94
396,BTCUSDT,2025-02-22 01:31:00,2678.82,2025-02-22 02:25:00,2670.64,2.736346705450489e-35,STOP_LOSS,-2.2383316050585795e-34,-0.30535832941370794,24153.39,2671.02
388,BTCUSDT,2025-02-22 00:51:00,2678.01,2025-02-22 02:26:00,2670.04,7.007166336431473e-25,STOP_LOSS,-5.584711570136062e-24,-0.2976090455226177,25897.99,2670.29
401,BTCUSDT,2025-02-22 02:41:00,2683.13,2025-02-22 03:11:00,2673.98,6.9729512065447465e-25,STOP_LOSS,-6.3802503539885065e-24,-0.3410196300589271,23540.62,2674.34
403,BTCUSDT,2025-02-22 02:51:00,2683.3,2025-02-22 03:11:00,2673.98,1.74312735911158e-27,STOP_LOSS,-1.624594698692021e-26,-0.34733350724854334,22646.53,2674.01
409,BTCUSDT,2025-02-22 03:26:00,2680.2,2025-02-22 03:33:00,2673.5,3.3127258808370084e-26,STOP_LOSS,-2.219526340160735e-25,-0.2499813446757637,22083.5,2673.65
402,BTCUSDT,2025-02-22 02:46:00,2682.1,2025-02-22 03:38:00,2672.51,3.4878145055770474e-26,STOP_LOSS,-3.3448141108482807e-25,-0.3575556466947426,22998.49,2672.89
404,BTCUSDT,2025-02-22 02:56:00,2679.72,2025-02-22 03:38:00,2672.51,8.727280541818031e-29,STOP_LOSS,-6.292369270650436e-28,-0.2690579612795211,22033.29,2672.87
405,BTCUSDT,2025-02-22 03:01:00,2679.6,2025-02-22 03:41:00,2669.51,4.363835686953402e-30,STOP_LOSS,-4.4031102081358476e-29,-0.3765487386176926,21545.88,2672.15
408,BTCUSDT,2025-02-22 03:21:00,2680.71,2025-02-22 03:41:00,2669.51,6.624191282025536e-25,STOP_LOSS,-7.41909423586848e-24,-0.4177997620033431,21382.36,2670.08
410,BTCUSDT,2025-02-22 03:31:00,2675.4,2025-02-22 03:41:00,2669.51,1.6593346613252904e-27,STOP_LOSS,-9.773481155205749e-27,-0.220153995664195,21767.08,2671.21
420,BTCUSDT,2025-02-22 04:41:00,2682.5,2025-02-22 05:08:00,2678.71,1.352275691775424e-36,STOP_LOSS,-5.125124871828808e-36,-0.14128611369990546,21080.88,2679.13
417,BTCUSDT,2025-02-22 04:26:00,2683.6,2025-02-22 05:09:00,2676.4,1.0813771182553461e-32,STOP_LOSS,-7.785915251438295e-32,-0.26829631837829104,21616.12,2676.96
421,BTCUSDT,2025-02-22 04:46:00,2681.0,2025-02-22 05:09:00,2676.4,6.765161400946614e-38,STOP_LOSS,-3.111974244435381e-37,-0.17157776948899325,20979.58,2677.85
423,BTCUSDT,2025-02-22 04:56:00,2682.6,2025-02-22 05:09:00,2676.4,1.690281603289523e-40,STOP_LOSS,-1.0479745940394735e-39,-0.23111906359501297,20532.58,2677.44
435,BTCUSDT,2025-02-22 06:06:00,2690.48,2025-02-22 06:07:00,2687.7,1.996223432475003e-44,STOP_LOSS,-5.549501142280908e-44,-0.10332728732420238,21077.56,2688.58
431,BTCUSDT,2025-02-22 05:46:00,2692.9,2025-02-22 06:43:00,2685.47,3.191087211915974e-39,STOP_LOSS,-2.3709777984536615e-38,-0.2759107282112329,23476.39,2685.97
434,BTCUSDT,2025-02-22 06:01:00,2693.26,2025-02-22 06:52:00,2685.24,3.988325836053961e-43,STOP_LOSS,-3.198637320515451e-42,-0.2977803851095117,20828.97,2685.41
432,BTCUSDT,2025-02-22 05:51:00,2689.44,2025-02-22 06:53:00,2684.8,1.597596293832274e-40,STOP_LOSS,-7.412846803381548e-40,-0.1725266226426272,22698.67,2685.16
433,BTCUSDT,2025-02-22 05:56:00,2689.6,2025-02-22 06:56:00,2684.55,7.987506276926441e-42,STOP_LOSS,-4.033690669847635e-41,-0.1877602617489488,21274.77,2684.79
437,BTCUSDT,2025-02-22 06:16:00,2689.44,2025-02-22 06:56:00,2684.55,9.975175491031918e-46,STOP_LOSS,-4.877860815114481e-45,-0.1818222380867345,21320.18,2684.6
445,BTCUSDT,2025-02-22 07:21:00,2693.17,2025-02-22 07:31:00,2688.44,3.977634962084739e-43,STOP_LOSS,-1.881421337066089e-42,-0.17562946267781157,21933.64,2689.77
446,BTCUSDT,2025-02-22 07:26:00,2695.3,2025-02-22 07:31:00,2688.44,1.987245789121394e-44,STOP_LOSS,-1.3632506113373017e-43,-0.25451712239825347,21277.57,2689.53
442,BTCUSDT,2025-02-22 07:06:00,2693.09,2025-02-22 07:54:00,2685.01,3.18220249626643e-39,STOP_LOSS,-2.5712196169832523e-38,-0.3000271064093635,22232.06,2686.49
443,BTCUSDT,2025-02-22 07:11:00,2690.96,2025-02-22 07:54:00,2685.01,1.5923606669497447e-40,STOP_LOSS,-9.474545968350692e-40,-0.2211106816897991,22730.09,2685.12
444,BTCUSDT,2025-02-22 07:16:00,2692.4,2025-02-22 07:54:00,2685.01,7.957545053363347e-42,STOP_LOSS,-5.880625794435412e-41,-0.2744763036695837,22149.17,2686.06
449,BTCUSDT,2025-02-22 07:41:00,2690.49,2025-02-22 07:54:00,2685.01,1.9825081115469017e-44,STOP_LOSS,-1.0864144451276156e-43,-0.20368037049011753,21210.87,2685.21
450,BTCUSDT,2025-02-22 07:46:00,2690.61,2025-02-22 07:54:00,2685.01,9.912098462868708e-46,STOP_LOSS,-5.5507751392063864e-45,-0.20813124161435173,20966.8,2685.21
447,BTCUSDT,2025-02-22 07:31:00,2688.44,2025-02-22 08:11:00,2684.33,9.96158287969771e-46,STOP_LOSS,-4.0942105635558855e-45,-0.15287676124444388,20865.69,2684.55
438,BTCUSDT,2025-02-22 06:21:00,2687.01,2025-02-22 08:12:00,2682.59,4.992098275146141e-47,STOP_LOSS,-2.2065074376146307e-46,-0.16449510794526528,20757.28,2683.06
440,BTCUSDT,2025-02-22 06:31:00,2689.49,2025-02-22 08:12:00,2682.59,1.2468737554611143e-49,STOP_LOSS,-8.603428912681235e-49,-0.2565542165986725,20383.77,2683.21
441,BTCUSDT,2025-02-22 06:36:00,2688.11,2025-02-22 08:12:00,2682.59,6.23756932672978e-51,STOP_LOSS,-3.4431382683548273e-50,-0.20534873944890578,20808.88,2682.76
448,BTCUSDT,2025-02-22 07:36:00,2691.61,2025-02-22 08:12:00,2682.59,3.963366348791845e-43,STOP_LOSS,-3.5749564466102376e-42,-0.3351154141944777,20319.72,2683.09
451,BTCUSDT,2025-02-22 07:51:00,2687.73,2025-02-22 08:12:00,2682.59,4.961359817611751e-47,STOP_LOSS,-2.5501389462523765e-46,-0.19123944741472812,20590.74,2682.77
430,BTCUSDT,2025-02-22 05:41:00,2690.8,2025-02-22 08:14:00,2677.63,6.387155309178331e-38,STOP_LOSS,-8.411883542187909e-37,-0.48944551806154574,22182.83,2681.47
436,BTCUSDT,2025-02-22 06:11:00,2688.01,2025-02-22 08:14:00,2677.63,1.9960964410549738e-44,STOP_LOSS,-2.0719481058150844e-43,-0.3861592776812626,21638.96,2681.4
439,BTCUSDT,2025-02-22 06:26:00,2687.79,2025-02-22 08:14:00,2677.63,2.495324781009761e-48,STOP_LOSS,-2.535249977505881e-47,-0.37800572217322986,20413.72,2680.72
452,BTCUSDT,2025-02-22 07:56:00,2684.93,2025-02-22 08:14:00,2677.63,3.1820408896325116e-39,STOP_LOSS,-2.3228898494316466e-38,-0.27188790769218296,20161.93,2678.53
453,BTCUSDT,2025-02-22 08:01:00,2686.01,2025-02-22 08:14:00,2677.63,1.590380721926026e-40,STOP_LOSS,-1.3327390449740272e-39,-0.3119869248439175,20215.67,2678.89
463,BTCUSDT,2025-02-22 09:21:00,2708.5,2025-02-22 09:23:00,2707.58,1.2330572047822868e-49,STOP_LOSS,-1.1344126283997936e-49,-0.03396714048366523,26803.7,2708.02
464,BTCUSDT,2025-02-22 09:26:00,2708.55,2025-02-22 09:27:00,2704.06,1.232636557256039e-49,STOP_LOSS,-5.534538142079906e-49,-0.16577135367633,24442.8,2707.65
473,BTCUSDT,2025-02-22 10:11:00,2739.71,2025-02-22 10:11:00,2739.71,4.7527269308397407e-60,STOP_LOSS,0.0,0.0,30476.31,2739.85
474,BTCUSDT,2025-02-22 10:16:00,2741.9,2025-02-22 10:19:00,2737.13,4.748930850757119e-60,STOP_LOSS,-2.265240015811137e-59,-0.17396695721944572,28976.89,2738.11
476,BTCUSDT,2025-02-22 10:26:00,2743.66,2025-02-22 10:38:00,2735.83,2.3690205272411253e-61,STOP_LOSS,-1.8549430728297838e-60,-0.28538521536924866,24380.9,2736.21
475,BTCUSDT,2025-02-22 10:21:00,2741.52,2025-02-22 10:54:00,2729.72,4.7417395165969025e-60,STOP_LOSS,-5.595252629584431e-59,-0.43041816218740636,25309.44,2731.89
477,BTCUSDT,2025-02-22 10:31:00,2741.58,2025-02-22 10:54:00,2729.72,1.1854089356813207e-62,STOP_LOSS,-1.4058949977180614e-61,-0.4325972614331928,24684.26,2730.97
480,BTCUSDT,2025-02-22 10:46:00,2739.24,2025-02-22 10:54:00,2729.72,1.1240322189635557e-62,STOP_LOSS,-1.070078672453303e-61,-0.34754165388939934,24968.6,2730.5
348,BTCUSDT,2025-02-21 20:26:00,2645.4,2025-02-22 11:26:00,2736.83,0.37864,BACKTEST_END,34.619055199999934,3.4561881000982773,23030.61,2618.51
354,BTCUSDT,2025-02-21 21:51:00,2641.4,2025-02-22 11:26:00,2736.83,0.3789,BACKTEST_END,36.15842699999994,3.612856818353897,24485.77,2619.94
355,BTCUSDT,2025-02-21 21:56:00,2640.1,2025-02-22 11:26:00,2736.83,0.37927,BACKTEST_END,36.686787100000004,3.6638763683193827,23865.1,2617.74
356,BTCUSDT,2025-02-21 22:01:00,2640.18,2025-02-22 11:26:00,2736.83,0.37866,BACKTEST_END,36.59748900000003,3.6607352528994275,24117.99,2625.15
357,BTCUSDT,2025-02-21 22:06:00,2635.89,2025-02-22 11:26:00,2736.83,0.37918,BACKTEST_END,38.27442920000002,3.829446600578934,22635.13,2619.25
358,BTCUSDT,2025-02-21 22:11:00,2636.8,2025-02-22 11:26:00,2736.83,0.37933,BACKTEST_END,37.9443798999999,3.7936134708737765,22014.17,2619.45
359,BTCUSDT,2025-02-21 22:16:00,2641.34,2025-02-22 11:26:00,2736.83,0.37891,BACKTEST_END,36.18211589999992,3.6152104613567273,21937.23,2623.56
360,BTCUSDT,2025-02-21 22:21:00,2647.8,2025-02-22 11:26:00,2736.83,0.37855,BACKTEST_END,33.70230649999991,3.362414079613254,22368.69,2626.3
363,BTCUSDT,2025-02-21 22:36:00,2639.19,2025-02-22 11:26:00,2736.83,0.37921,BACKTEST_END,37.02606439999995,3.6996199591541297,22493.87,2622.43
364,BTCUSDT,2025-02-21 22:41:00,2639.07,2025-02-22 11:26:00,2736.83,0.2075459906343485,BACKTEST_END,20.289696044413862,3.7043352393077775,22441.12,2623.92
365,BTCUSDT,2025-02-21 22:46:00,2643.08,2025-02-22 11:26:00,2736.83,0.010361555410797087,BACKTEST_END,0.9713958197622269,3.546998199070781,23230.74,2631.18
366,BTCUSDT,2025-02-21 22:51:00,2648.65,2025-02-22 11:26:00,2736.83,0.0005169882746903057,BACKTEST_END,0.04558802606219107,3.3292431993657083,22456.11,2633.67
368,BTCUSDT,2025-02-21 23:01:00,2642.0,2025-02-22 11:26:00,2736.83,1.2957238775155926e-06,BACKTEST_END,0.00012287349530480356,3.589326267978801,21540.7,2629.74
369,BTCUSDT,2025-02-21 23:11:00,2637.19,2025-02-22 11:26:00,2736.83,2.4600086935060975e-05,BACKTEST_END,0.0024511526622094724,3.7782639855300477,21681.63,2625.31
